review,sentiment
"The product quality is excellent and delivery was fast",positive
"Very poor experience and bad customer service",negative
"Absolutely loved the movie",positive
"Not worth the price",negative
"Great performance and smooth usage",positive
"Worst purchase I have made",negative
"This phone exceeded all my expectations",positive
"The screen cracked after just one week",negative
"Customer support resolved my issue in minutes",positive
"I waited three weeks and nobody replied to my emails",negative
"The food was fresh, hot, and full of flavor",positive
"The soup was cold and tasted stale",negative
"Best laptop I have owned, blazing fast and reliable",positive
"The laptop overheats constantly and shuts down randomly",negative
"Comfortable shoes, true to size, would buy again",positive
"The shoes fell apart after two wears",negative
"Amazing cinematography and a gripping storyline",positive
"The plot made no sense and the acting was wooden",negative
"Fast shipping and well packaged, no damage at all",positive
"The package arrived crushed and the item was broken",negative
"This book kept me hooked from start to finish",positive
"I found the book boring and repetitive",negative
"The hotel room was spotless and the staff were friendly",positive
"The room smelled musty and the sheets were dirty",negative
"Excellent battery life, lasts me a full two days",positive
"The battery drains within a couple of hours",negative
"The instructions were clear and setup took five minutes",positive
"The manual was confusing and missing several steps",negative
"Great value for money, I would recommend this to anyone",positive
"Way overpriced for what you actually get",negative
"The camera takes stunningly sharp photos even at night",positive
"Photos come out blurry and grainy in low light",negative
"Friendly staff made the whole visit pleasant",positive
"The staff were rude and seemed annoyed by questions",negative
"Everything worked perfectly right out of the box",positive
"It stopped working after only three days",negative
"The coffee was rich, smooth, and perfectly brewed",positive
"The coffee tasted burnt and bitter",negative
"I am thoroughly impressed with the build quality",positive
"The build quality feels cheap and flimsy",negative
"Quick response from support and problem solved same day",positive
"Support never responded to my ticket",negative
"The concert was an unforgettable, electric experience",positive
"The concert was disorganized and started two hours late",negative
"This app is intuitive and a pleasure to use daily",positive
"The app crashes every time I try to open it",negative
"Delicious meal, generous portions, will dine here again",positive
"Small portions and bland flavor, not worth it",negative
"The car handles beautifully and rides very smooth",positive
"The car has a rattling noise and poor fuel economy",negative
"Great warranty support, they replaced it with no hassle",positive
"They refused to honor the warranty at all",negative
"The garden looked beautiful and well maintained",positive
"The garden was overgrown and full of weeds",negative
"Solid headphones with crisp, clear sound quality",positive
"The headphones have a constant static crackle",negative
"Checkout was smooth and the site never lagged",positive
"The website kept crashing during checkout",negative
"The tutorial explained everything step by step clearly",positive
"The tutorial skipped steps and left me confused",negative
"Loved the color and fit, exactly as pictured",positive
"The color was completely different from the pictures",negative
"The flight was on time and the crew was attentive",positive
"The flight was delayed for hours with no updates",negative
"This blender crushes ice easily and cleans up fast",positive
"The blender leaks and the blade came loose",negative
"Great communication throughout the entire delivery process",positive
"No communication at all after I placed the order",negative
"The mattress is supportive and I sleep so much better now",positive
"The mattress sagged within a month of use",negative
"Terrific customer experience from start to finish",positive
"Terrible experience, I will never shop here again",negative
"The paint job looks flawless and glossy",positive
"The paint started peeling within a week",negative
"Highly recommend, exceeded expectations in every way",positive
"Do not recommend, fell short in every way",negative
"The keyboard feels premium and the keys are quiet",positive
"The keyboard keys stick and feel mushy",negative
"Wonderful vacation, the resort staff went above and beyond",positive
"Awful vacation, the resort staff ignored our requests",negative
"The printer setup was effortless and prints are crisp",positive
"The printer jams constantly and prints are streaky",negative
"This course is well structured and easy to follow",positive
"The course felt disorganized and hard to follow",negative
"The jacket is warm, lightweight, and stylish",positive
"The jacket is itchy and way too thin for winter",negative
"Superb sound system, fills the whole room nicely",positive
"The sound system distorts at any volume above low",negative
"The support team went out of their way to help me",positive
"The support team was dismissive and unhelpful",negative
